Source Row,Compound Name,CASRN,Supplied InChIKey,Derived InChIKey,Derived InChIKey Status,Structure Status,Structure Status Reason,Classification Input Source,Corrected Chemical Class,Classification Rule ID,Classification Rule Version,Manual Review Flag,Manual Review Reason,Taxonomy Path,Ontology Mapping Status,Ontology Mapping Version
2,"Cyclodocosasiloxane, tetratetracontamethyl-",1177831-23-0,KTAVWKKPSOLBQQ-UHFFFAOYSA-N,,Not needed,Structured,Valid local structure available,Standardized SMILES,Macrocyclic siloxane,STC-SIL-004,1.5.1,False,,Silicon-containing Compound → Siloxane → Cyclic Siloxane → Macrocyclic Siloxane,Not mapped,1.0.0
3,"Cycloeicosasiloxane, tetracontamethyl-",150026-98-5,GNPUIRGLEUCTBE-UHFFFAOYSA-N,,Not needed,Structured,Valid local structure available,Standardized SMILES,Macrocyclic siloxane,STC-SIL-004,1.5.1,False,,Silicon-containing Compound → Siloxane → Cyclic Siloxane → Macrocyclic Siloxane,Not mapped,1.0.0
4,"Cycloheneicosasiloxane, dotetracontamethyl-",23523-13-9,AXCIWEDVVHLSKG-UHFFFAOYSA-N,,Not needed,Structured,Valid local structure available,Standardized SMILES,Macrocyclic siloxane,STC-SIL-004,1.5.1,False,,Silicon-containing Compound → Siloxane → Cyclic Siloxane → Macrocyclic Siloxane,Not mapped,1.0.0
5,"Cyclooctadecasiloxane, hexatriacontamethyl-",23523-12-8,FZWBYDHCNDGMTB-UHFFFAOYSA-N,,Not needed,Structured,Valid local structure available,Standardized SMILES,Macrocyclic siloxane,STC-SIL-004,1.5.1,False,,Silicon-containing Compound → Siloxane → Cyclic Siloxane → Macrocyclic Siloxane,Not mapped,1.0.0
6,"Cyclotricosasiloxane, hexatetracontamethyl",not given,SPUPGXQRNJLSDG-UHFFFAOYSA-N,,Not needed,Structured,Valid local structure available,Standardized SMILES,Macrocyclic siloxane,STC-SIL-004,1.5.1,False,,Silicon-containing Compound → Siloxane → Cyclic Siloxane → Macrocyclic Siloxane,Not mapped,1.0.0
7,Cyclic poly(dimethylsiloxane) (n=06),540-97-6,IUMSDRXLFWAGNT-UHFFFAOYSA-N,,Not needed,Structured,Valid local structure available,Standardized SMILES,Macrocyclic siloxane,STC-SIL-004,1.5.1,False,,Silicon-containing Compound → Siloxane → Cyclic Siloxane → Macrocyclic Siloxane,Not mapped,1.0.0
8,Cyclic poly(dimethylsiloxane) (n=07),107-50-6,GSANOGQCVHBHIF-UHFFFAOYSA-N,,Not needed,Structured,Valid local structure available,Standardized SMILES,Macrocyclic siloxane,STC-SIL-004,1.5.1,False,,Silicon-containing Compound → Siloxane → Cyclic Siloxane → Macrocyclic Siloxane,Not mapped,1.0.0
9,Cyclic poly(dimethylsiloxane) (n=08),556-68-3,XKJMJYZFAWYREL-UHFFFAOYSA-N,,Not needed,Structured,Valid local structure available,Standardized SMILES,Macrocyclic siloxane,STC-SIL-004,1.5.1,False,,Silicon-containing Compound → Siloxane → Cyclic Siloxane → Macrocyclic Siloxane,Not mapped,1.0.0
10,Cyclic poly(dimethylsiloxane) (n=09),556-71-8,ISXOGOLHEGHGQF-UHFFFAOYSA-N,,Not needed,Structured,Valid local structure available,Standardized SMILES,Macrocyclic siloxane,STC-SIL-004,1.5.1,False,,Silicon-containing Compound → Siloxane → Cyclic Siloxane → Macrocyclic Siloxane,Not mapped,1.0.0
11,Cyclic poly(dimethylsiloxane) (n=10),18772-36-6,CDNNKGWZSNSADW-UHFFFAOYSA-N,,Not needed,Structured,Valid local structure available,Standardized SMILES,Macrocyclic siloxane,STC-SIL-004,1.5.1,False,,Silicon-containing Compound → Siloxane → Cyclic Siloxane → Macrocyclic Siloxane,Not mapped,1.0.0
12,Cyclic poly(dimethylsiloxane) (n=11),18766-38-6,QKFCLXPIIJGSQB-UHFFFAOYSA-N,,Not needed,Structured,Valid local structure available,Standardized SMILES,Macrocyclic siloxane,STC-SIL-004,1.5.1,False,,Silicon-containing Compound → Siloxane → Cyclic Siloxane → Macrocyclic Siloxane,Not mapped,1.0.0
13,Cyclic poly(dimethylsiloxane) (n=12),18919-94-3,SOGKSNZFDBFKCV-UHFFFAOYSA-N,,Not needed,Structured,Valid local structure available,Standardized SMILES,Macrocyclic siloxane,STC-SIL-004,1.5.1,False,,Silicon-containing Compound → Siloxane → Cyclic Siloxane → Macrocyclic Siloxane,Not mapped,1.0.0
14,Cyclic poly(dimethylsiloxane) (n=13),23732-94-7,JESOOKQYHPPUDI-UHFFFAOYSA-N,,Not needed,Structured,Valid local structure available,Standardized SMILES,Macrocyclic siloxane,STC-SIL-004,1.5.1,False,,Silicon-containing Compound → Siloxane → Cyclic Siloxane → Macrocyclic Siloxane,Not mapped,1.0.0
15,Cyclic poly(dimethylsiloxane) (n=14),149050-40-8,ZHDAYCIVVMINRB-UHFFFAOYSA-N,,Not needed,Structured,Valid local structure available,Standardized SMILES,Macrocyclic siloxane,STC-SIL-004,1.5.1,False,,Silicon-containing Compound → Siloxane → Cyclic Siloxane → Macrocyclic Siloxane,Not mapped,1.0.0
16,Cyclic poly(dimethylsiloxane) (n=15),23523-14-0,QQJAZIPZSXOQKO-UHFFFAOYSA-N,,Not needed,Structured,Valid local structure available,Standardized SMILES,Macrocyclic siloxane,STC-SIL-004,1.5.1,False,,Silicon-containing Compound → Siloxane → Cyclic Siloxane → Macrocyclic Siloxane,Not mapped,1.0.0
17,Cyclic poly(dimethylsiloxane) (n=16),150026-95-2,MZOAFPGUGMRIHV-UHFFFAOYSA-N,,Not needed,Structured,Valid local structure available,Standardized SMILES,Macrocyclic siloxane,STC-SIL-004,1.5.1,False,,Silicon-containing Compound → Siloxane → Cyclic Siloxane → Macrocyclic Siloxane,Not mapped,1.0.0
18,Cyclic poly(dimethylsiloxane) (n=17),150026-96-3,QKOWOBLRWSNMKS-UHFFFAOYSA-N,,Not needed,Structured,Valid local structure available,Standardized SMILES,Macrocyclic siloxane,STC-SIL-004,1.5.1,False,,Silicon-containing Compound → Siloxane → Cyclic Siloxane → Macrocyclic Siloxane,Not mapped,1.0.0
19,Cyclic poly(dimethylsiloxane) (n=18),23523-12-8,FZWBYDHCNDGMTB-UHFFFAOYSA-N,,Not needed,Structured,Valid local structure available,Standardized SMILES,Macrocyclic siloxane,STC-SIL-004,1.5.1,False,,Silicon-containing Compound → Siloxane → Cyclic Siloxane → Macrocyclic Siloxane,Not mapped,1.0.0
20,"Cyclodecasiloxane, eicosamethyl-",18772-36-6,CDNNKGWZSNSADW-UHFFFAOYSA-N,,Not needed,Structured,Valid local structure available,Standardized SMILES,Macrocyclic siloxane,STC-SIL-004,1.5.1,False,,Silicon-containing Compound → Siloxane → Cyclic Siloxane → Macrocyclic Siloxane,Not mapped,1.0.0
21,"Cyclodecasiloxane, eicosamethyl- related compound 01",not given,CDNNKGWZSNSADW-UHFFFAOYSA-N,,Not needed,Structured,Valid local structure available,Standardized SMILES,Macrocyclic siloxane,STC-SIL-004,1.5.1,False,,Silicon-containing Compound → Siloxane → Cyclic Siloxane → Macrocyclic Siloxane,Not mapped,1.0.0
22,"Cyclodecasiloxane, eicosamethyl- related compound 03",not given,CDNNKGWZSNSADW-UHFFFAOYSA-N,,Not needed,Structured,Valid local structure available,Standardized SMILES,Macrocyclic siloxane,STC-SIL-004,1.5.1,False,,Silicon-containing Compound → Siloxane → Cyclic Siloxane → Macrocyclic Siloxane,Not mapped,1.0.0
23,"Cyclododecasiloxane, tetracosamethyl-",18919-94-3,SOGKSNZFDBFKCV-UHFFFAOYSA-N,,Not needed,Structured,Valid local structure available,Standardized SMILES,Macrocyclic siloxane,STC-SIL-004,1.5.1,False,,Silicon-containing Compound → Siloxane → Cyclic Siloxane → Macrocyclic Siloxane,Not mapped,1.0.0
24,"Cycloheptasiloxane, tetradecamethyl-",107-50-6,GSANOGQCVHBHIF-UHFFFAOYSA-N,,Not needed,Structured,Valid local structure available,Standardized SMILES,Macrocyclic siloxane,STC-SIL-004,1.5.1,False,,Silicon-containing Compound → Siloxane → Cyclic Siloxane → Macrocyclic Siloxane,Not mapped,1.0.0
25,"Cycloheptasiloxane, tetradecamethyl- related compound 01",not given,GSANOGQCVHBHIF-UHFFFAOYSA-N,,Not needed,Structured,Valid local structure available,Standardized SMILES,Macrocyclic siloxane,STC-SIL-004,1.5.1,False,,Silicon-containing Compound → Siloxane → Cyclic Siloxane → Macrocyclic Siloxane,Not mapped,1.0.0
26,"Cycloheptasiloxane, tetradecamethyl- related compound 02",not given,GSANOGQCVHBHIF-UHFFFAOYSA-N,,Not needed,Structured,Valid local structure available,Standardized SMILES,Macrocyclic siloxane,STC-SIL-004,1.5.1,False,,Silicon-containing Compound → Siloxane → Cyclic Siloxane → Macrocyclic Siloxane,Not mapped,1.0.0
27,"Cycloheptasiloxane, tetradecamethyl- related compound 03",not given,GSANOGQCVHBHIF-UHFFFAOYSA-N,,Not needed,Structured,Valid local structure available,Standardized SMILES,Macrocyclic siloxane,STC-SIL-004,1.5.1,False,,Silicon-containing Compound → Siloxane → Cyclic Siloxane → Macrocyclic Siloxane,Not mapped,1.0.0
28,"Cycloheptasiloxane, tetradecamethyl- related compound 04",not given,GSANOGQCVHBHIF-UHFFFAOYSA-N,,Not needed,Structured,Valid local structure available,Standardized SMILES,Macrocyclic siloxane,STC-SIL-004,1.5.1,False,,Silicon-containing Compound → Siloxane → Cyclic Siloxane → Macrocyclic Siloxane,Not mapped,1.0.0
29,"Cycloheptasiloxane, tetradecamethyl- related compound 05",not given,GSANOGQCVHBHIF-UHFFFAOYSA-N,,Not needed,Structured,Valid local structure available,Standardized SMILES,Macrocyclic siloxane,STC-SIL-004,1.5.1,False,,Silicon-containing Compound → Siloxane → Cyclic Siloxane → Macrocyclic Siloxane,Not mapped,1.0.0
30,"Cyclohexasiloxane, dodecamethyl-",540-97-6,IUMSDRXLFWAGNT-UHFFFAOYSA-N,,Not needed,Structured,Valid local structure available,Standardized SMILES,Macrocyclic siloxane,STC-SIL-004,1.5.1,False,,Silicon-containing Compound → Siloxane → Cyclic Siloxane → Macrocyclic Siloxane,Not mapped,1.0.0
31,"Cyclononasiloxane, octadecamethyl-",556-71-8,ISXOGOLHEGHGQF-UHFFFAOYSA-N,,Not needed,Structured,Valid local structure available,Standardized SMILES,Macrocyclic siloxane,STC-SIL-004,1.5.1,False,,Silicon-containing Compound → Siloxane → Cyclic Siloxane → Macrocyclic Siloxane,Not mapped,1.0.0
32,"Cyclononasiloxane, octadecamethyl- related compound 01",not given,ISXOGOLHEGHGQF-UHFFFAOYSA-N,,Not needed,Structured,Valid local structure available,Standardized SMILES,Macrocyclic siloxane,STC-SIL-004,1.5.1,False,,Silicon-containing Compound → Siloxane → Cyclic Siloxane → Macrocyclic Siloxane,Not mapped,1.0.0
33,"Cyclooctasiloxane, hexadecamethyl-",556-68-3,XKJMJYZFAWYREL-UHFFFAOYSA-N,,Not needed,Structured,Valid local structure available,Standardized SMILES,Macrocyclic siloxane,STC-SIL-004,1.5.1,False,,Silicon-containing Compound → Siloxane → Cyclic Siloxane → Macrocyclic Siloxane,Not mapped,1.0.0
34,"Cyclopentasiloxane, decamethyl-",541-02-6,XMSXQFUHVRWGNA-UHFFFAOYSA-N,,Not needed,Structured,Valid local structure available,Standardized SMILES,Cyclic siloxane,STC-SIL-003,1.5.1,False,,Silicon-containing Compound → Siloxane → Cyclic Siloxane,Not mapped,1.0.0
35,"Cyclotetradecasiloxane, octacosamethyl-",149050-40-8,ZHDAYCIVVMINRB-UHFFFAOYSA-N,,Not needed,Structured,Valid local structure available,Standardized SMILES,Macrocyclic siloxane,STC-SIL-004,1.5.1,False,,Silicon-containing Compound → Siloxane → Cyclic Siloxane → Macrocyclic Siloxane,Not mapped,1.0.0
36,"Cyclotetrasiloxane, octamethyl-",556-67-2,HMMGMWAXVFQUOA-UHFFFAOYSA-N,,Not needed,Structured,Valid local structure available,Standardized SMILES,Cyclic siloxane,STC-SIL-003,1.5.1,False,,Silicon-containing Compound → Siloxane → Cyclic Siloxane,Not mapped,1.0.0
37,"Cyclotridecasiloxane, hexacosamethyl-",23732-94-7,JESOOKQYHPPUDI-UHFFFAOYSA-N,,Not needed,Structured,Valid local structure available,Standardized SMILES,Macrocyclic siloxane,STC-SIL-004,1.5.1,False,,Silicon-containing Compound → Siloxane → Cyclic Siloxane → Macrocyclic Siloxane,Not mapped,1.0.0
38,"Cyclotrisiloxane, hexamethyl-",541-05-9,HTDJPCNNEPUOOQ-UHFFFAOYSA-N,,Not needed,Structured,Valid local structure available,Standardized SMILES,Cyclic siloxane,STC-SIL-003,1.5.1,False,,Silicon-containing Compound → Siloxane → Cyclic Siloxane,Not mapped,1.0.0
39,"Cycloundecasiloxane, docosamethyl-",18766-38-6,QKFCLXPIIJGSQB-UHFFFAOYSA-N,,Not needed,Structured,Valid local structure available,Standardized SMILES,Macrocyclic siloxane,STC-SIL-004,1.5.1,False,,Silicon-containing Compound → Siloxane → Cyclic Siloxane → Macrocyclic Siloxane,Not mapped,1.0.0
40,"Octasiloxane, octadecamethyl-",556-69-4,VWGDPBQTSZDFMX-UHFFFAOYSA-N,,Not needed,Structured,Valid local structure available,Standardized SMILES,Siloxane,STC-SIL-001,1.5.1,False,,Silicon-containing Compound → Siloxane,Not mapped,1.0.0
41,Poly(dimethylsiloxane) (n=03),3663-50-1,XYBQTTAROZGWOZ-UHFFFAOYSA-N,,Not needed,Structured,Valid local structure available,Standardized SMILES,Siloxane,STC-SIL-001,1.5.1,False,,Silicon-containing Compound → Siloxane,Not mapped,1.0.0
42,Poly(dimethylsiloxane) (n=04),3081-07-0,VERNMKKMBJGSQB-UHFFFAOYSA-N,,Not needed,Structured,Valid local structure available,Standardized SMILES,Siloxane,STC-SIL-001,1.5.1,False,,Silicon-containing Compound → Siloxane,Not mapped,1.0.0
43,"Silanol, trimethyl-",1066-40-6,AAPLIUHOKVUFCC-UHFFFAOYSA-N,,Not needed,Structured,Valid local structure available,Standardized SMILES,Silanol,STC-SIL-002,1.5.1,False,,Silicon-containing Compound → Silanol,Not mapped,1.0.0
44,Poly (dimethyl siloxane) related compound,not given,VERNMKKMBJGSQB-UHFFFAOYSA-N,,Not needed,Structured,Valid local structure available,Standardized SMILES,Siloxane,STC-SIL-001,1.5.1,False,,Silicon-containing Compound → Siloxane,Not mapped,1.0.0
45,Poly(dimethylsiloxane) (n=03) related compound,not given,VERNMKKMBJGSQB-UHFFFAOYSA-N,,Not needed,Structured,Valid local structure available,Standardized SMILES,Siloxane,STC-SIL-001,1.5.1,False,,Silicon-containing Compound → Siloxane,Not mapped,1.0.0
46,Poly(dimethylsiloxane) trimethylsiloxane (n=06),754169-50-1,VERNMKKMBJGSQB-UHFFFAOYSA-N,,Not needed,Structured,Valid local structure available,Standardized SMILES,Siloxane,STC-SIL-001,1.5.1,False,,Silicon-containing Compound → Siloxane,Not mapped,1.0.0
47,Poly(dimethylsiloxane) trimethylsiloxane (n=07),2762699-03-4,VERNMKKMBJGSQB-UHFFFAOYSA-N,,Not needed,Structured,Valid local structure available,Standardized SMILES,Siloxane,STC-SIL-001,1.5.1,False,,Silicon-containing Compound → Siloxane,Not mapped,1.0.0
48,Poly(dimethylsiloxane) trimethylsiloxane (n=08),3068335-54-3,VERNMKKMBJGSQB-UHFFFAOYSA-N,,Not needed,Structured,Valid local structure available,Standardized SMILES,Siloxane,STC-SIL-001,1.5.1,False,,Silicon-containing Compound → Siloxane,Not mapped,1.0.0
49,Poly(dimethylsiloxane) trimethylsiloxane (n=09),802556-47-4,VERNMKKMBJGSQB-UHFFFAOYSA-N,,Not needed,Structured,Valid local structure available,Standardized SMILES,Siloxane,STC-SIL-001,1.5.1,False,,Silicon-containing Compound → Siloxane,Not mapped,1.0.0
50,Poly(dimethylsiloxane) trimethylsiloxane (n=10),1884350-14-4,VERNMKKMBJGSQB-UHFFFAOYSA-N,,Not needed,Structured,Valid local structure available,Standardized SMILES,Siloxane,STC-SIL-001,1.5.1,False,,Silicon-containing Compound → Siloxane,Not mapped,1.0.0
51,Poly(dimethylsiloxane) trimethylsiloxane (n=11),26403-63-4,VERNMKKMBJGSQB-UHFFFAOYSA-N,,Not needed,Structured,Valid local structure available,Standardized SMILES,Siloxane,STC-SIL-001,1.5.1,False,,Silicon-containing Compound → Siloxane,Not mapped,1.0.0
52,Poly(dimethylsiloxane) trimethylsiloxane (n=12),26403-63-4,VERNMKKMBJGSQB-UHFFFAOYSA-N,,Not needed,Structured,Valid local structure available,Standardized SMILES,Siloxane,STC-SIL-001,1.5.1,False,,Silicon-containing Compound → Siloxane,Not mapped,1.0.0
53,Poly(dimethylsiloxane) trimethylsiloxane (n=13),26403-63-4,VERNMKKMBJGSQB-UHFFFAOYSA-N,,Not needed,Structured,Valid local structure available,Standardized SMILES,Siloxane,STC-SIL-001,1.5.1,False,,Silicon-containing Compound → Siloxane,Not mapped,1.0.0
54,Poly(dimethylsiloxane) trimethylsiloxane (n=14),26403-63-4,VERNMKKMBJGSQB-UHFFFAOYSA-N,,Not needed,Structured,Valid local structure available,Standardized SMILES,Siloxane,STC-SIL-001,1.5.1,False,,Silicon-containing Compound → Siloxane,Not mapped,1.0.0
55,Poly(dimethylsiloxane) trimethylsiloxane (n=15),26403-63-4,VERNMKKMBJGSQB-UHFFFAOYSA-N,,Not needed,Structured,Valid local structure available,Standardized SMILES,Siloxane,STC-SIL-001,1.5.1,False,,Silicon-containing Compound → Siloxane,Not mapped,1.0.0
56,Poly(dimethylsiloxane) trimethylsiloxane (n=16),26403-63-4,VERNMKKMBJGSQB-UHFFFAOYSA-N,,Not needed,Structured,Valid local structure available,Standardized SMILES,Siloxane,STC-SIL-001,1.5.1,False,,Silicon-containing Compound → Siloxane,Not mapped,1.0.0
57,Poly(dimethylsiloxane) trimethylsiloxane (n=17),26403-63-4,VERNMKKMBJGSQB-UHFFFAOYSA-N,,Not needed,Structured,Valid local structure available,Standardized SMILES,Siloxane,STC-SIL-001,1.5.1,False,,Silicon-containing Compound → Siloxane,Not mapped,1.0.0
58,Poly(dimethylsiloxane) trimethylsiloxane (n=18),26403-63-4,VERNMKKMBJGSQB-UHFFFAOYSA-N,,Not needed,Structured,Valid local structure available,Standardized SMILES,Siloxane,STC-SIL-001,1.5.1,False,,Silicon-containing Compound → Siloxane,Not mapped,1.0.0
59,"Cyclononadecasiloxane, octatriacontamethyl-",150026-97-4,NONJZHMTYPZINL-UHFFFAOYSA-N,,Not needed,Structured,Valid local structure available,Standardized SMILES,Macrocyclic siloxane,STC-SIL-004,1.5.1,False,,Silicon-containing Compound → Siloxane → Cyclic Siloxane → Macrocyclic Siloxane,Not mapped,1.0.0
60,Cyclic poly(dimethylsiloxane) (n=19),150026-97-4,NONJZHMTYPZINL-UHFFFAOYSA-N,,Not needed,Structured,Valid local structure available,Standardized SMILES,Macrocyclic siloxane,STC-SIL-004,1.5.1,False,,Silicon-containing Compound → Siloxane → Cyclic Siloxane → Macrocyclic Siloxane,Not mapped,1.0.0
61,Cyclic poly(dimethylsiloxane) bis(diphenylsiloxane) (n=02),156048-34-9,NONJZHMTYPZINL-UHFFFAOYSA-N,,Not needed,Structured,Valid local structure available,Standardized SMILES,Macrocyclic siloxane,STC-SIL-004,1.5.1,False,,Silicon-containing Compound → Siloxane → Cyclic Siloxane → Macrocyclic Siloxane,Not mapped,1.0.0
62,Cyclic poly(dimethylsiloxane) bis(diphenylsiloxane) methylphenylsiloxane (n=02),not given,NONJZHMTYPZINL-UHFFFAOYSA-N,,Not needed,Structured,Valid local structure available,Standardized SMILES,Macrocyclic siloxane,STC-SIL-004,1.5.1,False,,Silicon-containing Compound → Siloxane → Cyclic Siloxane → Macrocyclic Siloxane,Not mapped,1.0.0
63,Cyclic poly(dimethylsiloxane) dimethyl siloxanol (n=02),18134-87-7,NONJZHMTYPZINL-UHFFFAOYSA-N,,Not needed,Structured,Valid local structure available,Standardized SMILES,Macrocyclic siloxane,STC-SIL-004,1.5.1,False,,Silicon-containing Compound → Siloxane → Cyclic Siloxane → Macrocyclic Siloxane,Not mapped,1.0.0
64,Cyclic poly(dimethylsiloxane) dimethyl siloxanol (n=04),86637-17-4,NONJZHMTYPZINL-UHFFFAOYSA-N,,Not needed,Structured,Valid local structure available,Standardized SMILES,Macrocyclic siloxane,STC-SIL-004,1.5.1,False,,Silicon-containing Compound → Siloxane → Cyclic Siloxane → Macrocyclic Siloxane,Not mapped,1.0.0
65,Cyclic poly(dimethylsiloxane) monomethyl siloxanol (n=06),159011-85-5,NONJZHMTYPZINL-UHFFFAOYSA-N,,Not needed,Structured,Valid local structure available,Standardized SMILES,Macrocyclic siloxane,STC-SIL-004,1.5.1,False,,Silicon-containing Compound → Siloxane → Cyclic Siloxane → Macrocyclic Siloxane,Not mapped,1.0.0
66,Cyclic poly(dimethylsiloxane) monomethyl siloxanol (n=07),159011-85-5,NONJZHMTYPZINL-UHFFFAOYSA-N,,Not needed,Structured,Valid local structure available,Standardized SMILES,Macrocyclic siloxane,STC-SIL-004,1.5.1,False,,Silicon-containing Compound → Siloxane → Cyclic Siloxane → Macrocyclic Siloxane,Not mapped,1.0.0
67,Cyclic poly(dimethylsiloxane) monomethyl siloxanol (n=08),159011-85-5,NONJZHMTYPZINL-UHFFFAOYSA-N,,Not needed,Structured,Valid local structure available,Standardized SMILES,Macrocyclic siloxane,STC-SIL-004,1.5.1,False,,Silicon-containing Compound → Siloxane → Cyclic Siloxane → Macrocyclic Siloxane,Not mapped,1.0.0
68,Cyclic poly(dimethylsiloxane) monomethyl siloxanol (n=09),159011-85-5,NONJZHMTYPZINL-UHFFFAOYSA-N,,Not needed,Structured,Valid local structure available,Standardized SMILES,Macrocyclic siloxane,STC-SIL-004,1.5.1,False,,Silicon-containing Compound → Siloxane → Cyclic Siloxane → Macrocyclic Siloxane,Not mapped,1.0.0
69,Cyclic poly(dimethylsiloxane) monomethyl siloxanol (n=10),159011-85-5,NONJZHMTYPZINL-UHFFFAOYSA-N,,Not needed,Structured,Valid local structure available,Standardized SMILES,Macrocyclic siloxane,STC-SIL-004,1.5.1,False,,Silicon-containing Compound → Siloxane → Cyclic Siloxane → Macrocyclic Siloxane,Not mapped,1.0.0
70,Cyclic poly(dimethylsiloxane) monomethyl siloxanol (n=11),159011-85-5,NONJZHMTYPZINL-UHFFFAOYSA-N,,Not needed,Structured,Valid local structure available,Standardized SMILES,Macrocyclic siloxane,STC-SIL-004,1.5.1,False,,Silicon-containing Compound → Siloxane → Cyclic Siloxane → Macrocyclic Siloxane,Not mapped,1.0.0
71,Cyclic poly(dimethylsiloxane) monomethyl siloxanol (n=12),159011-85-5,NONJZHMTYPZINL-UHFFFAOYSA-N,,Not needed,Structured,Valid local structure available,Standardized SMILES,Macrocyclic siloxane,STC-SIL-004,1.5.1,False,,Silicon-containing Compound → Siloxane → Cyclic Siloxane → Macrocyclic Siloxane,Not mapped,1.0.0
72,Cyclic poly(dimethylsiloxane) monomethyl siloxanol (n=13),159011-85-5,NONJZHMTYPZINL-UHFFFAOYSA-N,,Not needed,Structured,Valid local structure available,Standardized SMILES,Macrocyclic siloxane,STC-SIL-004,1.5.1,False,,Silicon-containing Compound → Siloxane → Cyclic Siloxane → Macrocyclic Siloxane,Not mapped,1.0.0
73,Cyclic poly(dimethylsiloxane) monomethyl siloxanol (n=14),159011-85-5,NONJZHMTYPZINL-UHFFFAOYSA-N,,Not needed,Structured,Valid local structure available,Standardized SMILES,Macrocyclic siloxane,STC-SIL-004,1.5.1,False,,Silicon-containing Compound → Siloxane → Cyclic Siloxane → Macrocyclic Siloxane,Not mapped,1.0.0
74,Cyclic poly(dimethylsiloxane) monomethyl siloxanol (n=15),159011-85-5,NONJZHMTYPZINL-UHFFFAOYSA-N,,Not needed,Structured,Valid local structure available,Standardized SMILES,Macrocyclic siloxane,STC-SIL-004,1.5.1,False,,Silicon-containing Compound → Siloxane → Cyclic Siloxane → Macrocyclic Siloxane,Not mapped,1.0.0
75,Cyclic poly(dimethylsiloxane) monomethyl siloxanol (n=16),159011-85-5,NONJZHMTYPZINL-UHFFFAOYSA-N,,Not needed,Structured,Valid local structure available,Standardized SMILES,Macrocyclic siloxane,STC-SIL-004,1.5.1,False,,Silicon-containing Compound → Siloxane → Cyclic Siloxane → Macrocyclic Siloxane,Not mapped,1.0.0
76,"2,2,4-Trimethyl-3-pentanol",5162-48-1,AXINNNJHLJWMTC-UHFFFAOYSA-N,,Not needed,Structured,Valid local structure available,Standardized SMILES,Alcohol,STC-ALC-001,1.5.1,False,,Oxygen-containing Compound → Alcohol → Acyclic Alcohol → Secondary Alcohol,Not mapped,1.0.0
77,"2,2,4-Trimethyl-3-pentanone",5857-36-3,OVCHQRXVZXVQNQ-UHFFFAOYSA-N,,Not needed,Structured,Valid local structure available,Standardized SMILES,Ketone,STC-KET-003,1.5.1,False,,Oxygen-containing Compound → Ketone,Not mapped,1.0.0
78,"2,2-Dimethyl-5-hexen-3-ol",19550-89-1,PXYGGMCZALUAQW-UHFFFAOYSA-N,,Not needed,Structured,Valid local structure available,Standardized SMILES,Alcohol,STC-ALC-001,1.5.1,False,,Oxygen-containing Compound → Alcohol → Acyclic Alcohol → Secondary Alcohol,Not mapped,1.0.0
79,"Butanoic acid, 2-ethyl-3-oxo-, methyl ester",51756-08-2,YXLVLOWNJCOOAU-UHFFFAOYSA-N,,Not needed,Structured,Valid local structure available,Standardized SMILES,Ester,STC-EST-001,1.5.1,False,,Oxygen-containing Compound → Ester,Not mapped,1.0.0
80,Erucamide,112-84-5,UAUDZVJPLUQNMU-KTKRTIGZSA-N,,Not needed,Structured,Valid local structure available,Standardized SMILES,Amide,STC-AMD-001,1.5.1,False,,Nitrogen-containing Compound → Amide,Not mapped,1.0.0
81,Methyl stearate,112-61-8,HPEUJPJOZXNMSJ-UHFFFAOYSA-N,,Not needed,Structured,Valid local structure available,Standardized SMILES,Ester,STC-EST-001,1.5.1,False,,Oxygen-containing Compound → Ester,Not mapped,1.0.0
82,Octadecane,593-45-3,RZJRJXONCZWCBN-UHFFFAOYSA-N,,Not needed,Structured,Valid local structure available,Standardized SMILES,Hydrocarbon,STC-HYD-001,1.5.1,False,,Hydrocarbon → Acyclic Hydrocarbon,Not mapped,1.0.0
83,"Pentanoic acid, 2,2,4-trimethyl-3-hydroxy-, isobutyl ester",244074-78-0,JKGWJYJTOABBAJ-UHFFFAOYSA-N,,Not needed,Structured,Valid local structure available,Standardized SMILES,Ester,STC-EST-001,1.5.1,False,,Oxygen-containing Compound → Ester,Not mapped,1.0.0
84,Triacetin,102-76-1,URAYPUMNDPQOKB-UHFFFAOYSA-N,,Not needed,Structured,Valid local structure available,Standardized SMILES,Ester,STC-EST-001,1.5.1,False,,Oxygen-containing Compound → Ester,Not mapped,1.0.0
85,"2,4,4-Trimethyl-1-pentanol",16325-63-6,ZNRVRWHPZZOTIE-UHFFFAOYSA-N,,Not needed,Structured,Valid local structure available,Standardized SMILES,Alcohol,STC-ALC-001,1.5.1,False,,Oxygen-containing Compound → Alcohol → Acyclic Alcohol → Primary Alcohol,Not mapped,1.0.0
86,"2,4,7,9-Tetramethyl-5-decyn-4,7-diol",126-86-3,LXOFYPKXCSULTL-UHFFFAOYSA-N,,Not needed,Structured,Valid local structure available,Standardized SMILES,Alcohol,STC-ALC-001,1.5.1,False,,Oxygen-containing Compound → Alcohol → Acyclic Alcohol → Tertiary Alcohol,Not mapped,1.0.0
87,"2-Pentanol, 4,4-dimethyl-",6144-93-0,OIBKGNPMOMMSSI-UHFFFAOYSA-N,,Not needed,Structured,Valid local structure available,Standardized SMILES,Alcohol,STC-ALC-001,1.5.1,False,,Oxygen-containing Compound → Alcohol → Acyclic Alcohol → Secondary Alcohol,Not mapped,1.0.0
88,"3-Hexanol, 2,2-dimethyl-",4209-90-9,PFHLGQKVKALLMD-UHFFFAOYSA-N,,Not needed,Structured,Valid local structure available,Standardized SMILES,Alcohol,STC-ALC-001,1.5.1,False,,Oxygen-containing Compound → Alcohol → Acyclic Alcohol → Secondary Alcohol,Not mapped,1.0.0
89,"3-Pentanol, 3-(1,1-dimethylethyl)-2,2,4,4- tetramethyl-",41902-42-5,LIUBOLYWYDGCSJ-UHFFFAOYSA-N,,Not needed,Structured,Valid local structure available,Standardized SMILES,Alcohol,STC-ALC-001,1.5.1,False,,Oxygen-containing Compound → Alcohol → Acyclic Alcohol → Tertiary Alcohol,Not mapped,1.0.0
90,"9-Octadecenoic acid, methyl ester, (E)-",1937-62-8,QYDYPVFESGNLHU-ZHACJKMWSA-N,,Not needed,Structured,Valid local structure available,Standardized SMILES,Ester,STC-EST-001,1.5.1,False,,Oxygen-containing Compound → Ester,Not mapped,1.0.0
91,"Dioctadecyl 3,3′-thiodipropionate",693-36-7,PWWSSIYVTQUJQQ-UHFFFAOYSA-N,,Not needed,Structured,Valid local structure available,Standardized SMILES,Ester,STC-EST-001,1.5.1,False,,Oxygen-containing Compound → Ester,Not mapped,1.0.0
92,Ethylmethylhydroxystyrene pentyl hydroxy butylene glycol,not given,,MOGKAZNIUVVFSU-UHFFFAOYSA-N,Derived locally,Structured,Valid local structure available,Standardized SMILES,Alcohol,STC-ALC-001,1.5.1,False,,Oxygen-containing Compound → Alcohol → Acyclic Alcohol → Secondary Alcohol,Not mapped,1.0.0
93,"Heptadecane, 2-methyl-",1560-89-0,RJWUMFHQJJBBOD-UHFFFAOYSA-N,,Not needed,Structured,Valid local structure available,Standardized SMILES,Hydrocarbon,STC-HYD-001,1.5.1,False,,Hydrocarbon → Acyclic Hydrocarbon,Not mapped,1.0.0
94,"Hexadecanoic acid, methyl ester",112-39-0,FLIACVVOZYBSBS-UHFFFAOYSA-N,,Not needed,Structured,Valid local structure available,Standardized SMILES,Ester,STC-EST-001,1.5.1,False,,Oxygen-containing Compound → Ester,Not mapped,1.0.0
95,Methyl hydroxystearate,141-23-1,RVWOWEQKPMPWMQ-UHFFFAOYSA-N,,Not needed,Structured,Valid local structure available,Standardized SMILES,Ester,STC-EST-001,1.5.1,False,,Oxygen-containing Compound → Ester,Not mapped,1.0.0
96,"Pentadecane, 3-methyl-",2882-96-4,FWXKCXJPHSAYMK-UHFFFAOYSA-N,,Not needed,Structured,Valid local structure available,Standardized SMILES,Hydrocarbon,STC-HYD-001,1.5.1,False,,Hydrocarbon → Acyclic Hydrocarbon,Not mapped,1.0.0
97,"Pentadecane, 7-methyl-",6165-40-8,MOKGOCMIDWMCHO-UHFFFAOYSA-N,,Not needed,Structured,Valid local structure available,Standardized SMILES,Hydrocarbon,STC-HYD-001,1.5.1,False,,Hydrocarbon → Acyclic Hydrocarbon,Not mapped,1.0.0
98,"Pentanedioic acid, 2,4-dimethyl-, dimethyl ester",2121-68-8,LQLYZPTVIYLWPB-UHFFFAOYSA-N,,Not needed,Structured,Valid local structure available,Standardized SMILES,Ester,STC-EST-001,1.5.1,False,,Oxygen-containing Compound → Ester,Not mapped,1.0.0
99,"Pentanedioic acid, 2,4-dimethyl-, dimethyl ester related compound",not given,LQLYZPTVIYLWPB-UHFFFAOYSA-N,,Not needed,Structured,Valid local structure available,Standardized SMILES,Ester,STC-EST-001,1.5.1,False,,Oxygen-containing Compound → Ester,Not mapped,1.0.0
100,"Propanoic acid, 2-methyl-, 3-hydroxy-2,2,4- trimethylpentyl ester",77-68-9,DAFHKNAQFPVRKR-UHFFFAOYSA-N,,Not needed,Structured,Valid local structure available,Standardized SMILES,Ester,STC-EST-001,1.5.1,False,,Oxygen-containing Compound → Ester,Not mapped,1.0.0
101,"3-Butene-1,1-dicarboxylic acid, 3-benzyl-, dimethyl ester related compound 01",not given,LMSKKURGJAGANI-UHFFFAOYSA-N,,Not needed,Structured,Valid local structure available,Standardized SMILES,Ester,STC-EST-001,1.5.1,False,,Oxygen-containing Compound → Ester,Not mapped,1.0.0
102,"3-Butene-1,1-dicarboxylic acid, 3-benzyl-, dimethyl ester related compound 02",not given,LMSKKURGJAGANI-UHFFFAOYSA-N,,Not needed,Structured,Valid local structure available,Standardized SMILES,Ester,STC-EST-001,1.5.1,False,,Oxygen-containing Compound → Ester,Not mapped,1.0.0
103,"3-Butene-1,1-dicarboxylic acid, 3-benzyl-, dimethyl ester related compound 03",not given,LMSKKURGJAGANI-UHFFFAOYSA-N,,Not needed,Structured,Valid local structure available,Standardized SMILES,Ester,STC-EST-001,1.5.1,False,,Oxygen-containing Compound → Ester,Not mapped,1.0.0
104,"3-Butene-1,1-dicarboxylic acid, 3-benzyl-, dimethyl ester related compound 04",not given,LMSKKURGJAGANI-UHFFFAOYSA-N,,Not needed,Structured,Valid local structure available,Standardized SMILES,Ester,STC-EST-001,1.5.1,False,,Oxygen-containing Compound → Ester,Not mapped,1.0.0
105,"3-Butene-1,1-dicarboxylic acid, 3-benzyl-, dimethyl ester related compound 05",not given,LMSKKURGJAGANI-UHFFFAOYSA-N,,Not needed,Structured,Valid local structure available,Standardized SMILES,Ester,STC-EST-001,1.5.1,False,,Oxygen-containing Compound → Ester,Not mapped,1.0.0
106,Acetophenone,98-86-2,KWOLFJPFCHCOCG-UHFFFAOYSA-N,,Not needed,Structured,Valid local structure available,Standardized SMILES,Ketone,STC-KET-003,1.5.1,False,,Oxygen-containing Compound → Ketone,Not mapped,1.0.0
107,Dibutyl phthalate,84-74-2,DOIRQSBPFJWKBE-UHFFFAOYSA-N,,Not needed,Structured,Valid local structure available,Standardized SMILES,Ester,STC-EST-001,1.5.1,False,,Oxygen-containing Compound → Ester,Not mapped,1.0.0
108,Styrene,100-42-5,PPBRXRYQALVLMV-UHFFFAOYSA-N,,Not needed,Structured,Valid local structure available,Standardized SMILES,Hydrocarbon,STC-HYD-001,1.5.1,False,,Hydrocarbon → Aromatic Hydrocarbon,Not mapped,1.0.0
109,"2-Butanone, 4-phenyl-",2550-26-7,AKGGYBADQZYZPD-UHFFFAOYSA-N,,Not needed,Structured,Valid local structure available,Standardized SMILES,Ketone,STC-KET-003,1.5.1,False,,Oxygen-containing Compound → Ketone,Not mapped,1.0.0
110,"2-Methyl-4-phenyl-butyric acid, methyl ester",38795-58-3,KEIGTQPTFNQBMC-UHFFFAOYSA-N,,Not needed,Structured,Valid local structure available,Standardized SMILES,Ester,STC-EST-001,1.5.1,False,,Oxygen-containing Compound → Ester,Not mapped,1.0.0
111,"Acetophenone, 5'-isopropyl-2'-methoxy-",830329-27-6,VSUMISAKJYIJBA-UHFFFAOYSA-N,,Not needed,Structured,Valid local structure available,Standardized SMILES,Ketone,STC-KET-003,1.5.1,False,,Oxygen-containing Compound → Ketone,Not mapped,1.0.0
112,"Acetophenone, 5'-isopropyl-2'-methoxy- related compound",not given,,VSUMISAKJYIJBA-UHFFFAOYSA-N,Derived locally,Structured,Valid local structure available,Standardized SMILES,Ketone,STC-KET-003,1.5.1,False,,Oxygen-containing Compound → Ketone,Not mapped,1.0.0
113,"Benzene, (1-methylethyl)-",98-82-8,RWGFKTVRMDUZSP-UHFFFAOYSA-N,,Not needed,Structured,Valid local structure available,Standardized SMILES,Hydrocarbon,STC-HYD-001,1.5.1,False,,Hydrocarbon → Aromatic Hydrocarbon,Not mapped,1.0.0
114,"Benzenemethanol, .alpha.,.alpha.-dimethyl-",617-94-7,BDCFWIDZNLCTMF-UHFFFAOYSA-N,,Not needed,Structured,Valid local structure available,Standardized SMILES,Alcohol,STC-ALC-001,1.5.1,False,,Oxygen-containing Compound → Alcohol → Monocyclic Alcohol → Tertiary Alcohol,Not mapped,1.0.0
115,"Benzenemethanol, α,α-dimethyl-",617-94-7,BDCFWIDZNLCTMF-UHFFFAOYSA-N,,Not needed,Structured,Valid local structure available,Standardized SMILES,Alcohol,STC-ALC-001,1.5.1,False,,Oxygen-containing Compound → Alcohol → Monocyclic Alcohol → Tertiary Alcohol,Not mapped,1.0.0
116,"Benzoic acid, 4-ethoxy-, ethyl ester",23676-09-7,HRAQMGWTPNOILP-UHFFFAOYSA-N,,Not needed,Structured,Valid local structure available,Standardized SMILES,Ester,STC-EST-001,1.5.1,False,,Oxygen-containing Compound → Ester,Not mapped,1.0.0
117,"Ethanone, 1,1'-(1,4-phenylene)bis-",1009-61-6,SKBBQSLSGRSQAJ-UHFFFAOYSA-N,,Not needed,Structured,Valid local structure available,Standardized SMILES,Ketone,STC-KET-003,1.5.1,False,,Oxygen-containing Compound → Ketone,Not mapped,1.0.0
118,"Ethanone, 1-[4-(1-hydroxy-1- methylethyl)phenyl]-",54549-72-3,KWWWFTBWCKTBQI-UHFFFAOYSA-N,,Not needed,Structured,Valid local structure available,Standardized SMILES,Ketone,STC-KET-003,1.5.1,False,,Oxygen-containing Compound → Ketone,Not mapped,1.0.0
119,"Ethanone, 1-[4-(1-hydroxy-1-methylethyl)phenyl]-",54549-72-3,KWWWFTBWCKTBQI-UHFFFAOYSA-N,,Not needed,Structured,Valid local structure available,Standardized SMILES,Ketone,STC-KET-003,1.5.1,False,,Oxygen-containing Compound → Ketone,Not mapped,1.0.0
120,Ethylmethyl(tert-Butyl)benzene acetic acid,not given,,HZDWNMKKIUERNT-UHFFFAOYSA-N,Derived locally,Structured,Valid local structure available,Standardized SMILES,Hydrocarbon,STC-HYD-001,1.5.1,False,,Hydrocarbon → Aromatic Hydrocarbon,Not mapped,1.0.0
121,α-Methylstyrene,98-83-9,XYLMUPLGERFSHI-UHFFFAOYSA-N,,Not needed,Structured,Valid local structure available,Standardized SMILES,Hydrocarbon,STC-HYD-001,1.5.1,False,,Hydrocarbon → Aromatic Hydrocarbon,Not mapped,1.0.0
122,Ethylmethyl(tert-Butyl)benzene acetic acid hydroxy,not given,,HZDWNMKKIUERNT-UHFFFAOYSA-N,Derived locally,Structured,Valid local structure available,Standardized SMILES,Hydrocarbon,STC-HYD-001,1.5.1,False,,Hydrocarbon → Aromatic Hydrocarbon,Not mapped,1.0.0
123,Di-tert-butyl peroxide,110-05-4,LSXWFXONGKSEMY-UHFFFAOYSA-N,,Not needed,Structured,Valid local structure available,Standardized SMILES,Dialkyl peroxide,STC-PER-001,1.5.1,False,,Oxygen-containing Compound → Peroxide → Organic Peroxide → Dialkyl Peroxide,Mapped,1.0.0
124,Tributylphosphine oxide,814-29-9,MNZAKDODWSQONA-UHFFFAOYSA-N,,Not needed,Structured,Valid local structure available,Standardized SMILES,Trialkylphosphine oxide,STC-PHO-003,1.5.1,False,,Phosphorus-containing Compound → Phosphine Oxide → Trialkylphosphine Oxide,Mapped,1.0.0
125,tert-Butyl Hydroperoxide related compound,not given,CIHOLLKRGTVIJN-UHFFFAOYSA-N,,Not needed,Structured,Valid local structure available,Standardized SMILES,Organic hydroperoxide,STC-HYP-001,1.5.1,False,,Oxygen-containing Compound → Hydroperoxide → Organic Hydroperoxide,Mapped,1.0.0
126,"2,2,4,4-Tetramethyloctane",62183-79-3,TYUFTNSABIBNRY-UHFFFAOYSA-N,,Not needed,Structured,Valid local structure available,Standardized SMILES,Hydrocarbon,STC-HYD-001,1.5.1,False,,Hydrocarbon → Acyclic Hydrocarbon,Not mapped,1.0.0
127,"Heptane, 3-methyl-",589-81-1,LAIUFBWHERIJIH-UHFFFAOYSA-N,,Not needed,Structured,Valid local structure available,Standardized SMILES,Hydrocarbon,STC-HYD-001,1.5.1,False,,Hydrocarbon → Acyclic Hydrocarbon,Not mapped,1.0.0
128,"Phenanthrene, dodecahydro- related compound 01",not given,,JSGPEEFAPXBVCG-UHFFFAOYSA-N,Derived locally,Structured,Valid local structure available,Standardized SMILES,Hydrocarbon,STC-HYD-001,1.5.1,False,,Hydrocarbon → Fused Polycyclic Hydrocarbon,Not mapped,1.0.0
129,"Phenanthrene, dodecahydro- related compound 02",not given,,JSGPEEFAPXBVCG-UHFFFAOYSA-N,Derived locally,Structured,Valid local structure available,Standardized SMILES,Hydrocarbon,STC-HYD-001,1.5.1,False,,Hydrocarbon → Fused Polycyclic Hydrocarbon,Not mapped,1.0.0
130,"Phenanthrene, dodecahydro- related compound 04",not given,,JSGPEEFAPXBVCG-UHFFFAOYSA-N,Derived locally,Structured,Valid local structure available,Standardized SMILES,Hydrocarbon,STC-HYD-001,1.5.1,False,,Hydrocarbon → Fused Polycyclic Hydrocarbon,Not mapped,1.0.0
131,"Phenanthrene, dodecahydro- related compound 05",not given,,JSGPEEFAPXBVCG-UHFFFAOYSA-N,Derived locally,Structured,Valid local structure available,Standardized SMILES,Hydrocarbon,STC-HYD-001,1.5.1,False,,Hydrocarbon → Fused Polycyclic Hydrocarbon,Not mapped,1.0.0
132,"Phenanthrene, dodecahydro- related compound 06",not given,,JSGPEEFAPXBVCG-UHFFFAOYSA-N,Derived locally,Structured,Valid local structure available,Standardized SMILES,Hydrocarbon,STC-HYD-001,1.5.1,False,,Hydrocarbon → Fused Polycyclic Hydrocarbon,Not mapped,1.0.0
133,"Phenanthrene, dodecahydro- related compound 07",not given,,JSGPEEFAPXBVCG-UHFFFAOYSA-N,Derived locally,Structured,Valid local structure available,Standardized SMILES,Hydrocarbon,STC-HYD-001,1.5.1,False,,Hydrocarbon → Fused Polycyclic Hydrocarbon,Not mapped,1.0.0
134,"Phenanthrene, dodecahydro- related compound 08",not given,,JSGPEEFAPXBVCG-UHFFFAOYSA-N,Derived locally,Structured,Valid local structure available,Standardized SMILES,Hydrocarbon,STC-HYD-001,1.5.1,False,,Hydrocarbon → Fused Polycyclic Hydrocarbon,Not mapped,1.0.0
135,"Phenanthrene, dodecahydro- related compound 09",not given,,JSGPEEFAPXBVCG-UHFFFAOYSA-N,Derived locally,Structured,Valid local structure available,Standardized SMILES,Hydrocarbon,STC-HYD-001,1.5.1,False,,Hydrocarbon → Fused Polycyclic Hydrocarbon,Not mapped,1.0.0
136,"Phenanthrenecarboxylic acid, dodecahydro- related compound 02",not given,,VIVORBJTEOLBSJ-UHFFFAOYSA-N,Derived locally,Structured,Valid local structure available,Standardized SMILES,Carboxylic acid,STC-ACD-001,1.5.1,False,,Oxygen-containing Compound → Carboxylic Acid,Not mapped,1.0.0
137,"Phenanthrenecarboxylic acid, dodecahydro- related compound 03",not given,,VIVORBJTEOLBSJ-UHFFFAOYSA-N,Derived locally,Structured,Valid local structure available,Standardized SMILES,Carboxylic acid,STC-ACD-001,1.5.1,False,,Oxygen-containing Compound → Carboxylic Acid,Not mapped,1.0.0
138,"Phenanthrenecarboxylic acid, dodecahydro- related compound 04",not given,,VIVORBJTEOLBSJ-UHFFFAOYSA-N,Derived locally,Structured,Valid local structure available,Standardized SMILES,Carboxylic acid,STC-ACD-001,1.5.1,False,,Oxygen-containing Compound → Carboxylic Acid,Not mapped,1.0.0
139,"Phenanthrene, dodecahydro- related compound 03",not given,,JSGPEEFAPXBVCG-UHFFFAOYSA-N,Derived locally,Structured,Valid local structure available,Standardized SMILES,Hydrocarbon,STC-HYD-001,1.5.1,False,,Hydrocarbon → Fused Polycyclic Hydrocarbon,Not mapped,1.0.0
140,"Phenanthrenecarboxylic acid, dodecahydro- related compound 01",not given,,VIVORBJTEOLBSJ-UHFFFAOYSA-N,Derived locally,Structured,Valid local structure available,Standardized SMILES,Carboxylic acid,STC-ACD-001,1.5.1,False,,Oxygen-containing Compound → Carboxylic Acid,Not mapped,1.0.0
141,"1,8-Diazacyclotetradecane-2,9-dione",5776-79-4,HERSSAVMHCMYSQ-UHFFFAOYSA-N,,Not needed,Structured,Valid local structure available,Standardized SMILES,Lactam,STC-LAC-001,1.5.1,False,,Nitrogen-containing Compound → Amide → Lactam → Cyclic Lactam,Not mapped,1.0.0
142,Caprolactam,105-60-2,JBKVHLHDHHXQEQ-UHFFFAOYSA-N,,Not needed,Structured,Valid local structure available,Standardized SMILES,Lactam,STC-LAC-001,1.5.1,False,,Nitrogen-containing Compound → Amide → Lactam → Cyclic Lactam,Not mapped,1.0.0
143,Caprolactam dimer,56403-09-9,HERSSAVMHCMYSQ-UHFFFAOYSA-N,,Not needed,Structured,Valid local structure available,Standardized SMILES,Lactam,STC-LAC-001,1.5.1,False,,Nitrogen-containing Compound → Amide → Lactam → Cyclic Lactam,Not mapped,1.0.0
144,Caprolactam hexamer,865-14-5,VIBRWXMFTOKNOM-UHFFFAOYSA-N,,Not needed,Structured,Valid local structure available,Standardized SMILES,Lactam,STC-LAC-001,1.5.1,False,,Nitrogen-containing Compound → Amide → Lactam → Cyclic Lactam,Not mapped,1.0.0
145,Caprolactam pentamer,864-90-4,LYMDOCLKDKZTOG-UHFFFAOYSA-N,,Not needed,Structured,Valid local structure available,Standardized SMILES,Lactam,STC-LAC-001,1.5.1,False,,Nitrogen-containing Compound → Amide → Lactam → Cyclic Lactam,Not mapped,1.0.0
146,Caprolactam tetramer,5834-63-9,LAIGWNLGTIDKPL-UHFFFAOYSA-N,,Not needed,Structured,Valid local structure available,Standardized SMILES,Lactam,STC-LAC-001,1.5.1,False,,Nitrogen-containing Compound → Amide → Lactam → Cyclic Lactam,Not mapped,1.0.0
147,Caprolactam trimer,56403-08-8,HJBDVFFKADBHHV-UHFFFAOYSA-N,,Not needed,Structured,Valid local structure available,Standardized SMILES,Lactam,STC-LAC-001,1.5.1,False,,Nitrogen-containing Compound → Amide → Lactam → Cyclic Lactam,Not mapped,1.0.0
148,"Anthracene, 9-butyl-1,2,3,4-tetrahydro-",959248-99-8,OCJWEZMVXNYNTE-UHFFFAOYSA-N,,Not needed,Structured,Valid local structure available,Standardized SMILES,Hydrocarbon,STC-HYD-001,1.5.1,False,,Hydrocarbon → Aromatic Hydrocarbon,Not mapped,1.0.0
149,"1H-Indene, 2,3-dihydro-1,1,3-trimethyl-3-phenyl-",3910-35-8,ICLPNZMYHDVKKI-UHFFFAOYSA-N,,Not needed,Structured,Valid local structure available,Standardized SMILES,Hydrocarbon,STC-HYD-001,1.5.1,False,,Hydrocarbon → Aromatic Hydrocarbon,Not mapped,1.0.0
150,"2H-Pyran, 2-ethoxy-3,4-dihydro-",103-75-3,VZJFPIXCMVSTID-UHFFFAOYSA-N,,Not needed,Structured,Valid local structure available,Standardized SMILES,Cyclic acetal,STC-ACE-001,1.5.1,False,,Oxygen-containing Compound → Acetal → Cyclic Acetal,Not mapped,1.0.0
151,"Benzene, 1,1'-(1,1,2,2-tetramethyl-1,2- ethanediyl)bis-",1889-67-4,HGTUJZTUQFXBIH-UHFFFAOYSA-N,,Not needed,Structured,Valid local structure available,Standardized SMILES,Hydrocarbon,STC-HYD-001,1.5.1,False,,Hydrocarbon → Aromatic Hydrocarbon,Not mapped,1.0.0
152,"Cyclohexene, 4-ethenyl-",100-40-3,SDRZFSPCVYEJTP-UHFFFAOYSA-N,,Not needed,Structured,Valid local structure available,Standardized SMILES,Hydrocarbon,STC-HYD-001,1.5.1,False,,Hydrocarbon → Monocyclic Hydrocarbon,Not mapped,1.0.0
153,"Phenanthrene, octahydro- related compound",not given,GNMCGMFNBARSIY-UHFFFAOYSA-N,,Not needed,Structured,Valid local structure available,Standardized SMILES,Hydrocarbon,STC-HYD-001,1.5.1,False,,Hydrocarbon → Fused Polycyclic Hydrocarbon,Not mapped,1.0.0
154,"10,18-Bisnorabieta-8,11,13-triene",32624-67-2,XWUVCHRGACWHNI-UHFFFAOYSA-N,,Not needed,Structured,Valid local structure available,Standardized SMILES,Hydrocarbon,STC-HYD-001,1.5.1,False,,Hydrocarbon → Aromatic Hydrocarbon,Not mapped,1.0.0
155,"4b,8-Dimethyl-2-isopropylphenanthrene, 4b,5,6,7,8,8a,9,10-octahydro-",19407-17-1,DAYLDISWSXEJLN-UHFFFAOYSA-N,,Not needed,Structured,Valid local structure available,Standardized SMILES,Hydrocarbon,STC-HYD-001,1.5.1,False,,Hydrocarbon → Aromatic Hydrocarbon,Not mapped,1.0.0
156,"4b,8-Dimethyl-2-isopropylphenanthrene, 4b,5,6,7,8,8a,9,10-octahydro- related compound 01",not given,DAYLDISWSXEJLN-UHFFFAOYSA-N,,Not needed,Structured,Valid local structure available,Standardized SMILES,Hydrocarbon,STC-HYD-001,1.5.1,False,,Hydrocarbon → Aromatic Hydrocarbon,Not mapped,1.0.0
157,"4b,8-Dimethyl-2-isopropylphenanthrene, 4b,5,6,7,8,8a,9,10-octahydro- related compound 02",not given,DAYLDISWSXEJLN-UHFFFAOYSA-N,,Not needed,Structured,Valid local structure available,Standardized SMILES,Hydrocarbon,STC-HYD-001,1.5.1,False,,Hydrocarbon → Aromatic Hydrocarbon,Not mapped,1.0.0
158,"7-Isopropyl-1,4a-dimethyl-1,2,3,4,4a,9,10,10a- octahydrophenanthrene-1-carboxylic acid, methyl ester",7151-00-0,PGZCJOPTDHWYES-UHFFFAOYSA-N,,Not needed,Structured,Valid local structure available,Standardized SMILES,Ester,STC-EST-001,1.5.1,False,,Oxygen-containing Compound → Ester,Not mapped,1.0.0
159,Siloxane related compound 01,not given,ONMDLQNDWJABQH-UHFFFAOYSA-N,,Not needed,Structured,Valid local structure available,Standardized SMILES,"1,2-Oxasilinane",STC-SIL-005,1.5.1,False,,"Silicon-containing Compound → Cyclic Organosilicon Ether → 1,2-Oxasilinane",Not mapped,1.0.0
160,Siloxane related compound 02,not given,ONMDLQNDWJABQH-UHFFFAOYSA-N,,Not needed,Structured,Valid local structure available,Standardized SMILES,"1,2-Oxasilinane",STC-SIL-005,1.5.1,False,,"Silicon-containing Compound → Cyclic Organosilicon Ether → 1,2-Oxasilinane",Not mapped,1.0.0
161,Siloxane related compound 03,not given,ONMDLQNDWJABQH-UHFFFAOYSA-N,,Not needed,Structured,Valid local structure available,Standardized SMILES,"1,2-Oxasilinane",STC-SIL-005,1.5.1,False,,"Silicon-containing Compound → Cyclic Organosilicon Ether → 1,2-Oxasilinane",Not mapped,1.0.0
162,Siloxane related compound 04,not given,ONMDLQNDWJABQH-UHFFFAOYSA-N,,Not needed,Structured,Valid local structure available,Standardized SMILES,"1,2-Oxasilinane",STC-SIL-005,1.5.1,False,,"Silicon-containing Compound → Cyclic Organosilicon Ether → 1,2-Oxasilinane",Not mapped,1.0.0
163,"2,6-Di-tert-butyl-4-nitrophenol",728-40-5,FCGKUUOTWLWJHE-UHFFFAOYSA-N,,Not needed,Structured,Valid local structure available,Standardized SMILES,Phenol,STC-PHE-001,1.5.1,False,,Oxygen-containing Compound → Phenol,Not mapped,1.0.0
164,(2-(4-Isopropylphenyl)propan-2- ylperoxy)trimethylsilane,not given,,PLMRGCGDKMRCFL-UHFFFAOYSA-N,Derived locally,Structured,Valid local structure available,Standardized SMILES,Silyl alkyl peroxide,STC-SIL-006,1.5.1,False,,Silicon-containing Compound → Organosilicon Peroxide → Silyl Alkyl Peroxide,Not mapped,1.0.0
165,"Oxime-, methoxy-phenyl-_",67160-14-9,HUYDCTLGGLCUTE-HJWRWDBZSA-N,,Not needed,Structured,Valid local structure available,Standardized SMILES,Ether,STC-ETH-004,1.5.1,False,,Oxygen-containing Compound → Ether,Not mapped,1.0.0
166,"Bicyclo[2.2.1]heptane-3-acetic acid, 2- methoxycarbonyl-, methyl ester",58987-46-5,,PKYJRBZIHAQIPE-UHFFFAOYSA-N,Derived locally,Structured,Valid local structure available,Standardized SMILES,Ester,STC-EST-001,1.5.1,False,,Oxygen-containing Compound → Ester,Not mapped,1.0.0
167,"Bicyclo[2.2.1]heptane-3-acetic acid, 2- methoxycarbonyl-, methyl ester related compound",not given,,PKYJRBZIHAQIPE-UHFFFAOYSA-N,Derived locally,Structured,Valid local structure available,Standardized SMILES,Ester,STC-EST-001,1.5.1,False,,Oxygen-containing Compound → Ester,Not mapped,1.0.0
168,Dimethyl cyclohexanedicarboxylate,4336-20-3,AIACXWOETVLBIA-UHFFFAOYSA-N,,Not needed,Structured,Valid local structure available,Standardized SMILES,Ester,STC-EST-001,1.5.1,False,,Oxygen-containing Compound → Ester,Not mapped,1.0.0
169,Cyanox 2246,119-47-1,KGRVJHAUYBGFFP-UHFFFAOYSA-N,,Not needed,Structured,Valid local structure available,Standardized SMILES,Phenol,STC-PHE-001,1.5.1,False,,Oxygen-containing Compound → Phenol,Not mapped,1.0.0
170,Cyanox 425,88-24-4,GPNYZBKIGXGYNU-UHFFFAOYSA-N,,Not needed,Structured,Valid local structure available,Standardized SMILES,Phenol,STC-PHE-001,1.5.1,False,,Oxygen-containing Compound → Phenol,Not mapped,1.0.0
171,Cyanox 425 hydroxy,not given,GPNYZBKIGXGYNU-UHFFFAOYSA-N,,Not needed,Structured,Valid local structure available,Standardized SMILES,Phenol,STC-PHE-001,1.5.1,False,,Oxygen-containing Compound → Phenol,Not mapped,1.0.0
172,"1,4-Methanobenzocyclodecene, 1,2,3,4,4a,5,8,9,12,12a-decahydro-",74708-73-9,OJHFLPDLBLRUFF-UHFFFAOYSA-N,,Not needed,Structured,Valid local structure available,Standardized SMILES,Hydrocarbon,STC-HYD-001,1.5.1,False,,Hydrocarbon → Fused Polycyclic Hydrocarbon,Not mapped,1.0.0
173,"1-Phenanthrenecarboxylic acid, 7-ethyl- 1,2,3,4,4a,5,6,7,8,9,10,10a-dodecahydro-1,4a,7- trimethyl-, methyl ester, [1R- (1α,4a.beta.,7.beta.,10aα)]-",3582-25-0,,LZUSHGHGVLPXFI-UHFFFAOYSA-N,Derived locally,Structured,Valid local structure available,Standardized SMILES,Ester,STC-EST-001,1.5.1,False,,Oxygen-containing Compound → Ester,Not mapped,1.0.0
174,"2H-2,4a-Methanonaphthalene, 1,3,4,5,6,7- hexahydro-1,1,5,5-tetramethyl-, (2S)-",1135-66-6,CQUAYTJDLQBXCQ-NHYWBVRUSA-N,,Not needed,Structured,Valid local structure available,Standardized SMILES,Hydrocarbon,STC-HYD-001,1.5.1,False,,Hydrocarbon → Fused Polycyclic Hydrocarbon,Not mapped,1.0.0
175,Phenylheptamethylcyclotetrasiloxane,10448-09-6,NSLNFHKUIKHPGY-UHFFFAOYSA-N,,Not needed,Structured,Valid local structure available,Standardized SMILES,Cyclic siloxane,STC-SIL-003,1.5.1,False,,Silicon-containing Compound → Siloxane → Cyclic Siloxane,Not mapped,1.0.0
176,"2,2,4,6,6,8-Hexamethyl-4,8- diphenylcyclotetrasiloxane",4657-20-9,ZTQZMPQJXABFNC-UHFFFAOYSA-N,,Not needed,Structured,Valid local structure available,Standardized SMILES,Cyclic siloxane,STC-SIL-003,1.5.1,False,,Silicon-containing Compound → Siloxane → Cyclic Siloxane,Not mapped,1.0.0
177,"Furan, tetrahydro-2,2,4,4-tetramethyl-",3358-28-9,FIDGQQIVMWAIAD-UHFFFAOYSA-N,,Not needed,Structured,Valid local structure available,Standardized SMILES,Cyclic ether,STC-ETH-003,1.5.1,False,,Oxygen-containing Compound → Ether → Cyclic Ether,Not mapped,1.0.0
178,"Oxetane, 2-(1,1-dimethylethyl)-3-methyl-",7045-82-1,YZUOZLHQBCFIKB-UHFFFAOYSA-N,,Not needed,Structured,Valid local structure available,Standardized SMILES,Cyclic ether,STC-ETH-003,1.5.1,False,,Oxygen-containing Compound → Ether → Cyclic Ether,Not mapped,1.0.0
179,Nonanal,124-19-6,GYHFUZHODSMOHU-UHFFFAOYSA-N,,Not needed,Structured,Valid local structure available,Standardized SMILES,Aldehyde,STC-ALD-001,1.5.1,False,,Oxygen-containing Compound → Aldehyde,Not mapped,1.0.0
180,"Hexanal, 5,5-dimethyl-",55320-58-6,XVXGREGYPLBBOW-UHFFFAOYSA-N,,Not needed,Structured,Valid local structure available,Standardized SMILES,Aldehyde,STC-ALD-001,1.5.1,False,,Oxygen-containing Compound → Aldehyde,Not mapped,1.0.0
181,Longifolene,475-20-7,PDSNLYSELAIEBU-GUIRCDHDSA-N,,Not needed,Structured,Valid local structure available,Standardized SMILES,Hydrocarbon,STC-HYD-001,1.5.1,False,,Hydrocarbon → Fused Polycyclic Hydrocarbon,Not mapped,1.0.0
182,Longifolene related compound,not given,PDSNLYSELAIEBU-GUIRCDHDSA-N,,Not needed,Structured,Valid local structure available,Standardized SMILES,Hydrocarbon,STC-HYD-001,1.5.1,False,,Hydrocarbon → Fused Polycyclic Hydrocarbon,Not mapped,1.0.0
183,"2,5-di-tert-Butyl-1,4-benzoquinone",2460-77-7,ZZYASVWWDLJXIM-UHFFFAOYSA-N,,Not needed,Structured,Valid local structure available,Standardized SMILES,Cyclic ketone,STC-KET-002,1.5.1,False,,Oxygen-containing Compound → Ketone → Cyclic Ketone,Not mapped,1.0.0
184,Irgafos 168 oxidation degradant,95906-11-9,AZSKHRTUXHLAHS-UHFFFAOYSA-N,,Not needed,Structured,Valid local structure available,Standardized SMILES,Phosphate ester,STC-PHO-002,1.5.1,False,,Phosphorus-containing Compound → Phosphate Ester,Not mapped,1.0.0
185,Benzenamine related compound,not given,PAYRUJLWNCNPSJ-UHFFFAOYSA-N,,Not needed,Structured,Valid local structure available,Standardized SMILES,Amine,STC-AMI-001,1.5.1,False,,Nitrogen-containing Compound → Amine,Not mapped,1.0.0
186,Ethylmethylbenzenamine ethylene glycol methyl carboxylate,not given,,GDJLLPTUSIUMOM-UHFFFAOYSA-N,Derived locally,Structured,Valid local structure available,Standardized SMILES,Amine,STC-AMI-001,1.5.1,False,,Nitrogen-containing Compound → Amine,Not mapped,1.0.0
187,"1,6-Dioxacyclododecane-7,12-dione",777-95-7,AXKZIDYFAMKWSA-UHFFFAOYSA-N,,Not needed,Structured,Valid local structure available,Standardized SMILES,Lactone,STC-LAC-002,1.5.1,False,,Oxygen-containing Compound → Ester → Lactone → Cyclic Lactone,Not mapped,1.0.0
188,Cyclic butylene glycol adipate,777-95-7,AXKZIDYFAMKWSA-UHFFFAOYSA-N,,Not needed,Structured,Valid local structure available,Standardized SMILES,Lactone,STC-LAC-002,1.5.1,False,,Oxygen-containing Compound → Ester → Lactone → Cyclic Lactone,Not mapped,1.0.0
189,"Ethane, 1,1,2,2-tetrachloro-",79-34-5,QPFMBZIOSGYJDE-UHFFFAOYSA-N,,Not needed,Structured,Valid local structure available,Standardized SMILES,Halogenated compound,STC-HAL-001,1.5.1,False,,Halogenated Compound,Not mapped,1.0.0
190,Dodecylbenzenesulfonic acid,27176-87-0,,WBIQQQGBSDOWNP-UHFFFAOYSA-N,Derived locally,Structured,Valid local structure available,Standardized SMILES,Sulfonic acid,STC-SUL-001,1.5.1,False,,Sulfur-containing Compound → Sulfonic Acid,Not mapped,1.0.0
191,Benzaldehyde,100-52-7,HUMNYLRZRPPJDN-UHFFFAOYSA-N,,Not needed,Structured,Valid local structure available,Standardized SMILES,Aldehyde,STC-ALD-001,1.5.1,False,,Oxygen-containing Compound → Aldehyde,Not mapped,1.0.0
192,Bis(pentamethylcyclotrisiloxy)hexamethyltrisiloxan e,18142-95-5,,,Unavailable,Needs structure,No standardized or original SMILES supplied,Unavailable,Unclassified,STC-UNK-000,1.5.1,True,No valid standardized or original SMILES could be parsed.,Unclassified,Not applicable,1.0.0
193,Branched alkane (C=09) related compound 01,not given,,,Unavailable,Ambiguous identity,No standardized or original SMILES supplied; name contains an ambiguity annotation,Unavailable,Unclassified,STC-UNK-000,1.5.1,True,No valid standardized or original SMILES could be parsed.,Unclassified,Not applicable,1.0.0
194,Branched alkane (C=09) related compound 02,not given,,,Unavailable,Ambiguous identity,No standardized or original SMILES supplied; name contains an ambiguity annotation,Unavailable,Unclassified,STC-UNK-000,1.5.1,True,No valid standardized or original SMILES could be parsed.,Unclassified,Not applicable,1.0.0
195,Branched alkane (C=10) related compound,not given,,,Unavailable,Ambiguous identity,No standardized or original SMILES supplied; name contains an ambiguity annotation,Unavailable,Unclassified,STC-UNK-000,1.5.1,True,No valid standardized or original SMILES could be parsed.,Unclassified,Not applicable,1.0.0
196,Branched alkane (C=11) related compound,not given,,,Unavailable,Ambiguous identity,No standardized or original SMILES supplied; name contains an ambiguity annotation,Unavailable,Unclassified,STC-UNK-000,1.5.1,True,No valid standardized or original SMILES could be parsed.,Unclassified,Not applicable,1.0.0
197,Branched alkane (C=13) related compound,not given,,,Unavailable,Ambiguous identity,No standardized or original SMILES supplied; name contains an ambiguity annotation,Unavailable,Unclassified,STC-UNK-000,1.5.1,True,No valid standardized or original SMILES could be parsed.,Unclassified,Not applicable,1.0.0
198,Branched alkane (C=15) related compound,not given,,,Unavailable,Ambiguous identity,No standardized or original SMILES supplied; name contains an ambiguity annotation,Unavailable,Unclassified,STC-UNK-000,1.5.1,True,No valid standardized or original SMILES could be parsed.,Unclassified,Not applicable,1.0.0
199,Branched alkane (C=16) related compound,not given,,,Unavailable,Ambiguous identity,No standardized or original SMILES supplied; name contains an ambiguity annotation,Unavailable,Unclassified,STC-UNK-000,1.5.1,True,No valid standardized or original SMILES could be parsed.,Unclassified,Not applicable,1.0.0
200,Branched alkane (C=17) related compound,not given,,,Unavailable,Ambiguous identity,No standardized or original SMILES supplied; name contains an ambiguity annotation,Unavailable,Unclassified,STC-UNK-000,1.5.1,True,No valid standardized or original SMILES could be parsed.,Unclassified,Not applicable,1.0.0
201,Branched alkane (C=18) related compound,not given,,,Unavailable,Ambiguous identity,No standardized or original SMILES supplied; name contains an ambiguity annotation,Unavailable,Unclassified,STC-UNK-000,1.5.1,True,No valid standardized or original SMILES could be parsed.,Unclassified,Not applicable,1.0.0
202,Branched alkane (C=23) related compound,not given,,,Unavailable,Ambiguous identity,No standardized or original SMILES supplied; name contains an ambiguity annotation,Unavailable,Unclassified,STC-UNK-000,1.5.1,True,No valid standardized or original SMILES could be parsed.,Unclassified,Not applicable,1.0.0
203,Cyanox 2246 tert-Butylcyclopentadiene,not given,,,Unavailable,Needs structure,No standardized or original SMILES supplied,Unavailable,Unclassified,STC-UNK-000,1.5.1,True,No valid standardized or original SMILES could be parsed.,Unclassified,Not applicable,1.0.0
204,Cyanox 425 (loss of tert-Butyl),not given,,,Unavailable,Ambiguous identity,No standardized or original SMILES supplied; name contains an ambiguity annotation,Unavailable,Unclassified,STC-UNK-000,1.5.1,True,No valid standardized or original SMILES could be parsed.,Unclassified,Not applicable,1.0.0
205,Cyclohexanecarboxylic acid alkyl ester related compound,not given,,,Unavailable,Ambiguous identity,No standardized or original SMILES supplied; name contains an ambiguity annotation,Unavailable,Unclassified,STC-UNK-000,1.5.1,True,No valid standardized or original SMILES could be parsed.,Unclassified,Not applicable,1.0.0
206,Diethylmethylhydroxybenzene pentyl hydroxy propylene glycol,not given,,,Unavailable,Needs structure,No standardized or original SMILES supplied,Unavailable,Unclassified,STC-UNK-000,1.5.1,True,No valid standardized or original SMILES could be parsed.,Unclassified,Not applicable,1.0.0
207,Ethylmethylbenzenamine ethylene glycol methyl carboxylate ethylmethylbenzene(methylene)benzene,not given,,,Unavailable,Needs structure,No standardized or original SMILES supplied,Unavailable,Unclassified,STC-UNK-000,1.5.1,True,No valid standardized or original SMILES could be parsed.,Unclassified,Not applicable,1.0.0
208,Ethylmethylbenzene ethylene glycol methyl carboxylate pentadiene,not given,,,Unavailable,Needs structure,No standardized or original SMILES supplied,Unavailable,Unclassified,STC-UNK-000,1.5.1,True,No valid standardized or original SMILES could be parsed.,Unclassified,Not applicable,1.0.0
209,Ethylmethylhydroxystyrene pentyl hydroxy butylene glycol dimethylsiloxane (loss of H2),not given,,,Unavailable,Ambiguous identity,No standardized or original SMILES supplied; name contains an ambiguity annotation,Unavailable,Unclassified,STC-UNK-000,1.5.1,True,No valid standardized or original SMILES could be parsed.,Unclassified,Not applicable,1.0.0
210,Ethylmethylhydroxystyrene pentyl hydroxy dimer dihydroxy,not given,,,Unavailable,Needs structure,No standardized or original SMILES supplied,Unavailable,Unclassified,STC-UNK-000,1.5.1,True,No valid standardized or original SMILES could be parsed.,Unclassified,Not applicable,1.0.0
211,Ethylmethylstyrene hydroxy pentyl hydroxy,not given,,,Unavailable,Needs structure,No standardized or original SMILES supplied,Unavailable,Unclassified,STC-UNK-000,1.5.1,True,No valid standardized or original SMILES could be parsed.,Unclassified,Not applicable,1.0.0
212,Hydroxybutyl dodecanoate oxo,not given,,,Unavailable,Needs structure,No standardized or original SMILES supplied,Unavailable,Unclassified,STC-UNK-000,1.5.1,True,No valid standardized or original SMILES could be parsed.,Unclassified,Not applicable,1.0.0
213,Methylene(methylbenzene)benzenamine ethylene glycol,not given,,,Unavailable,Needs structure,No standardized or original SMILES supplied,Unavailable,Unclassified,STC-UNK-000,1.5.1,True,No valid standardized or original SMILES could be parsed.,Unclassified,Not applicable,1.0.0
214,Methylenebis(styrene) tert-Butyl dihydroxy,not given,,,Unavailable,Needs structure,No standardized or original SMILES supplied,Unavailable,Unclassified,STC-UNK-000,1.5.1,True,No valid standardized or original SMILES could be parsed.,Unclassified,Not applicable,1.0.0
215,Methylsytrene methylthio butanamide methyl hydroxy,not given,,,Unavailable,Needs structure,No standardized or original SMILES supplied,Unavailable,Unclassified,STC-UNK-000,1.5.1,True,No valid standardized or original SMILES could be parsed.,Unclassified,Not applicable,1.0.0
216,Pentafluoro aminio polydimethylsiloxane (n=01) related compound 01,not given,,,Unavailable,Ambiguous identity,No standardized or original SMILES supplied; name contains an ambiguity annotation,Unavailable,Unclassified,STC-UNK-000,1.5.1,True,No valid standardized or original SMILES could be parsed.,Unclassified,Not applicable,1.0.0
217,Pentafluoro aminio polydimethylsiloxane (n=02) related compound 01,not given,,,Unavailable,Ambiguous identity,No standardized or original SMILES supplied; name contains an ambiguity annotation,Unavailable,Unclassified,STC-UNK-000,1.5.1,True,No valid standardized or original SMILES could be parsed.,Unclassified,Not applicable,1.0.0
218,Pentafluoro aminio polydimethylsiloxane (n=03) related compound 01,not given,,,Unavailable,Ambiguous identity,No standardized or original SMILES supplied; name contains an ambiguity annotation,Unavailable,Unclassified,STC-UNK-000,1.5.1,True,No valid standardized or original SMILES could be parsed.,Unclassified,Not applicable,1.0.0
219,"Triglyceride, di-hydroxy (18-18-18)",1312106-39-0,,,Unavailable,Needs structure,No standardized or original SMILES supplied,Unavailable,Unclassified,STC-UNK-000,1.5.1,True,No valid standardized or original SMILES could be parsed.,Unclassified,Not applicable,1.0.0
220,"Triglyceride, tris-hydroxy (18-18-18)",1312106-39-0,,,Unavailable,Needs structure,No standardized or original SMILES supplied,Unavailable,Unclassified,STC-UNK-000,1.5.1,True,No valid standardized or original SMILES could be parsed.,Unclassified,Not applicable,1.0.0
